-- phpMyAdmin SQL Dump
-- version 5.2.0
-- https://www.phpmyadmin.net/
--
-- Servidor: localhost:8889
-- Tiempo de generación: 06-02-2024 a las 01:17:44
-- Versión del servidor: 5.7.39
-- Versión de PHP: 8.2.0

SET SQL_MODE = "NO_AUTO_VALUE_ON_ZERO";
START TRANSACTION;
SET time_zone = "+00:00";


/*!40101 SET @OLD_CHARACTER_SET_CLIENT=@@CHARACTER_SET_CLIENT */;
/*!40101 SET @OLD_CHARACTER_SET_RESULTS=@@CHARACTER_SET_RESULTS */;
/*!40101 SET @OLD_COLLATION_CONNECTION=@@COLLATION_CONNECTION */;
/*!40101 SET NAMES utf8mb4 */;

--
-- Base de datos: `contable`
--

-- --------------------------------------------------------

--
-- Estructura de tabla para la tabla `clientes`
--

CREATE TABLE `clientes` (
  `id` int(10) UNSIGNED NOT NULL,
  `personalidad` enum('Natural') COLLATE utf8mb4_unicode_ci DEFAULT 'Natural',
  `nombre_empresa` varchar(100) COLLATE utf8mb4_unicode_ci DEFAULT NULL,
  `rut_empresa` varchar(100) COLLATE utf8mb4_unicode_ci NOT NULL,
  `giro_cliente` varchar(250) COLLATE utf8mb4_unicode_ci DEFAULT NULL,
  `profesion` varchar(100) COLLATE utf8mb4_unicode_ci DEFAULT NULL,
  `direccion` varchar(100) COLLATE utf8mb4_unicode_ci DEFAULT NULL,
  `region_id` int(10) UNSIGNED NOT NULL,
  `comuna_id` int(10) UNSIGNED NOT NULL,
  `comentario` varchar(100) COLLATE utf8mb4_unicode_ci DEFAULT NULL,
  `telefono` varchar(100) COLLATE utf8mb4_unicode_ci DEFAULT NULL,
  `pass_sii` varchar(100) COLLATE utf8mb4_unicode_ci DEFAULT NULL,
  `tasa_ppm` varchar(100) COLLATE utf8mb4_unicode_ci DEFAULT NULL,
  `frecuencia_cobro` enum('Diario','Semanal','Quincenal','Mensual') COLLATE utf8mb4_unicode_ci NOT NULL DEFAULT 'Mensual' COMMENT 'Frecuencia de notificaciones',
  `status` enum('Activo','Inactivo') COLLATE utf8mb4_unicode_ci NOT NULL DEFAULT 'Activo',
  `monto_base` int(20) NOT NULL DEFAULT '0',
  `created_at` timestamp NULL DEFAULT NULL,
  `updated_at` timestamp NULL DEFAULT NULL
) ENGINE=InnoDB DEFAULT CHARSET=utf8mb4 COLLATE=utf8mb4_unicode_ci;

--
-- Volcado de datos para la tabla `clientes`
--

INSERT INTO `clientes` (`id`, `personalidad`, `nombre_empresa`, `rut_empresa`, `giro_cliente`, `profesion`, `direccion`, `region_id`, `comuna_id`, `comentario`, `telefono`, `pass_sii`, `tasa_ppm`, `frecuencia_cobro`, `status`, `monto_base`, `created_at`, `updated_at`) VALUES
(1, 'Natural', 'test', '261378116', 'VENTA AL POR MENOR DE ALIMENTOS EN COMER', 'ca', 'santiagfo', 7, 206, 'ninguno', '00000000', 'carlos', '26', 'Quincenal', 'Activo', 20, '2023-12-17 18:08:29', '2024-01-26 00:09:30'),
(2, 'Natural', 'otro', '261378114', 'profesionales', 'sala', 'ksalj', 4, 16, 'as', '6473873497', '23456773', '3', 'Mensual', 'Activo', 0, '2023-12-17 18:11:19', '2024-01-20 21:38:55'),
(3, 'Natural', 'otro 2', '261376714', NULL, 'salas', 'ksalj', 4, 16, 'as', '6473873497', '23456773', '3', 'Diario', 'Activo', 0, '2023-12-17 18:11:19', '2024-01-20 21:36:45'),
(4, 'Natural', 'otro 3', '285376714', NULL, 'salas rome', 'ksrdcfalj', 4, 16, 'as', '6473873497', '23456773', '3', 'Mensual', 'Activo', 0, '2023-12-17 18:11:19', '2023-12-17 18:11:19'),
(5, 'Natural', 'otro 4', '285966714', NULL, 'salas rome otos', 'ksrdcfalj', 4, 16, 'as', '6473873497', '23456773', '3', 'Mensual', 'Activo', 0, '2023-12-17 18:11:19', '2023-12-17 18:11:19'),
(6, 'Natural', 'otro 5', '1235966714', NULL, 'salas rome otos 3', 'ksrdcfalj', 4, 16, 'as', '6473873497', '23456773', '3', 'Mensual', 'Activo', 0, '2023-12-17 18:11:19', '2023-12-17 18:11:19'),
(7, 'Natural', 'Servicios Profesionales', '2613789946', NULL, 'ca', 'Baucheff', 7, 82, 'ninguno', '961376444', 'carlos', '26', 'Diario', 'Activo', 0, '2023-12-17 21:12:04', '2024-01-20 21:36:20');

-- --------------------------------------------------------

--
-- Estructura de tabla para la tabla `cliente_periodos`
--

CREATE TABLE `cliente_periodos` (
  `id` int(10) UNSIGNED NOT NULL,
  `cliente_id` int(10) UNSIGNED NOT NULL,
  `periodo_id` int(10) UNSIGNED NOT NULL,
  `cobranza_id` int(20) NOT NULL DEFAULT '0',
  `factura_id` int(20) NOT NULL DEFAULT '0',
  `created_at` timestamp NULL DEFAULT NULL,
  `updated_at` timestamp NULL DEFAULT NULL
) ENGINE=InnoDB DEFAULT CHARSET=utf8mb4 COLLATE=utf8mb4_unicode_ci;

--
-- Volcado de datos para la tabla `cliente_periodos`
--

INSERT INTO `cliente_periodos` (`id`, `cliente_id`, `periodo_id`, `cobranza_id`, `factura_id`, `created_at`, `updated_at`) VALUES
(1, 1, 1, 22, 0, '2024-02-04 12:27:50', '2024-02-04 18:08:51'),
(2, 2, 1, 23, 0, '2024-02-04 12:27:50', '2024-02-04 19:24:36'),
(3, 3, 1, 24, 0, '2024-02-04 12:27:50', '2024-02-04 19:26:56'),
(4, 4, 1, 25, 0, '2024-02-04 12:27:50', '2024-02-04 19:27:55'),
(5, 5, 1, 26, 0, '2024-02-04 12:27:50', '2024-02-04 19:29:34'),
(6, 6, 1, 27, 0, '2024-02-04 12:27:50', '2024-02-04 19:30:29'),
(7, 7, 1, 28, 0, '2024-02-04 12:27:50', '2024-02-04 19:30:59'),
(8, 1, 2, 29, 0, '2024-02-04 12:32:47', '2024-02-04 19:31:59'),
(9, 2, 2, 30, 0, '2024-02-04 12:32:47', '2024-02-04 19:32:26'),
(10, 3, 2, 31, 0, '2024-02-04 12:32:47', '2024-02-04 19:33:16'),
(11, 4, 2, 32, 0, '2024-02-04 12:32:47', '2024-02-04 19:33:40'),
(12, 5, 2, 33, 0, '2024-02-04 12:32:47', '2024-02-04 19:34:07'),
(13, 6, 2, 34, 0, '2024-02-04 12:32:47', '2024-02-04 19:35:47'),
(14, 7, 2, 35, 0, '2024-02-04 12:32:47', '2024-02-04 19:42:00'),
(15, 1, 3, 36, 0, '2024-02-04 19:42:24', '2024-02-04 19:42:33'),
(16, 2, 3, 37, 0, '2024-02-04 19:42:24', '2024-02-04 19:43:54'),
(17, 3, 3, 38, 0, '2024-02-04 19:42:24', '2024-02-04 19:44:50'),
(18, 4, 3, 39, 0, '2024-02-04 19:42:24', '2024-02-04 19:47:29'),
(19, 5, 3, 40, 0, '2024-02-04 19:42:24', '2024-02-04 19:51:45'),
(20, 6, 3, 41, 0, '2024-02-04 19:42:24', '2024-02-04 19:53:05'),
(21, 7, 3, 0, 0, '2024-02-04 19:42:24', '2024-02-04 19:42:24'),
(22, 1, 4, 0, 0, '2024-02-04 20:20:43', '2024-02-04 20:20:43'),
(23, 2, 4, 0, 0, '2024-02-04 20:20:43', '2024-02-04 20:20:43'),
(24, 3, 4, 0, 0, '2024-02-04 20:20:43', '2024-02-04 20:20:43'),
(25, 4, 4, 0, 0, '2024-02-04 20:20:43', '2024-02-04 20:20:43'),
(26, 5, 4, 0, 0, '2024-02-04 20:20:43', '2024-02-04 20:20:43'),
(27, 6, 4, 0, 0, '2024-02-04 20:20:43', '2024-02-04 20:20:43'),
(28, 7, 4, 0, 0, '2024-02-04 20:20:43', '2024-02-04 20:20:43'),
(29, 1, 5, 0, 0, '2024-02-04 20:23:57', '2024-02-04 20:23:57'),
(30, 2, 5, 0, 0, '2024-02-04 20:23:57', '2024-02-04 20:23:57'),
(31, 3, 5, 0, 0, '2024-02-04 20:23:57', '2024-02-04 20:23:57'),
(32, 4, 5, 0, 0, '2024-02-04 20:23:57', '2024-02-04 20:23:57'),
(33, 5, 5, 0, 0, '2024-02-04 20:23:57', '2024-02-04 20:23:57'),
(34, 6, 5, 0, 0, '2024-02-04 20:23:57', '2024-02-04 20:23:57'),
(35, 7, 5, 0, 0, '2024-02-04 20:23:57', '2024-02-04 20:23:57'),
(36, 1, 6, 0, 0, '2024-02-04 20:24:04', '2024-02-04 20:24:04'),
(37, 2, 6, 0, 0, '2024-02-04 20:24:04', '2024-02-04 20:24:04'),
(38, 3, 6, 0, 0, '2024-02-04 20:24:04', '2024-02-04 20:24:04'),
(39, 4, 6, 0, 0, '2024-02-04 20:24:04', '2024-02-04 20:24:04'),
(40, 5, 6, 0, 0, '2024-02-04 20:24:04', '2024-02-04 20:24:04'),
(41, 6, 6, 0, 0, '2024-02-04 20:24:04', '2024-02-04 20:24:04'),
(42, 7, 6, 0, 0, '2024-02-04 20:24:04', '2024-02-04 20:24:04'),
(43, 1, 7, 0, 0, '2024-02-05 22:48:40', '2024-02-05 22:48:40'),
(44, 2, 7, 0, 0, '2024-02-05 22:48:40', '2024-02-05 22:48:40'),
(45, 3, 7, 0, 0, '2024-02-05 22:48:40', '2024-02-05 22:48:40'),
(46, 4, 7, 0, 0, '2024-02-05 22:48:40', '2024-02-05 22:48:40'),
(47, 5, 7, 0, 0, '2024-02-05 22:48:40', '2024-02-05 22:48:40'),
(48, 6, 7, 0, 0, '2024-02-05 22:48:40', '2024-02-05 22:48:40'),
(49, 7, 7, 0, 0, '2024-02-05 22:48:40', '2024-02-05 22:48:40');

-- --------------------------------------------------------

--
-- Estructura de tabla para la tabla `cobranzas`
--

CREATE TABLE `cobranzas` (
  `id` int(10) UNSIGNED NOT NULL,
  `cliente_id` int(10) UNSIGNED NOT NULL,
  `forma_pago_id` int(10) UNSIGNED NOT NULL,
  `descripcion` longtext COLLATE utf8mb4_unicode_ci,
  `cantidad` int(11) DEFAULT '0',
  `valor_neto` int(11) DEFAULT '0',
  `iva` double(8,2) DEFAULT '0.00',
  `valor_iva` int(11) DEFAULT '0',
  `created_at` timestamp NULL DEFAULT NULL,
  `updated_at` timestamp NULL DEFAULT NULL
) ENGINE=InnoDB DEFAULT CHARSET=utf8mb4 COLLATE=utf8mb4_unicode_ci;

--
-- Volcado de datos para la tabla `cobranzas`
--

INSERT INTO `cobranzas` (`id`, `cliente_id`, `forma_pago_id`, `descripcion`, `cantidad`, `valor_neto`, `iva`, `valor_iva`, `created_at`, `updated_at`) VALUES
(1, 1, 1, 'Honorarios Enero 2024', 1, 30000, 5700.00, 35700, '2024-01-19 23:57:41', '2024-01-19 23:57:41'),
(2, 1, 1, 'Honorarios Enero 2024', 1, 30000, 5700.00, 35700, '2024-01-19 23:58:22', '2024-01-19 23:58:22'),
(3, 1, 1, 'Honorarios Enero 2024', 1, 30000, 5700.00, 35700, '2024-01-20 00:00:13', '2024-01-20 00:00:13'),
(4, 7, 1, 'Honorarios Enero 2024', 1, 95000, 18050.00, 113050, '2024-01-20 22:30:10', '2024-01-20 22:30:10'),
(5, 7, 1, 'Honorarios Enero 2024', 1, 95000, 18050.00, 113050, '2024-01-20 22:30:37', '2024-01-20 22:30:37'),
(6, 7, 1, 'Honorarios Enero 2024', 1, 95000, 18050.00, 113050, '2024-01-20 22:32:00', '2024-01-20 22:32:00'),
(7, 7, 1, 'Honorarios Enero 2024', 1, 95000, 18050.00, 113050, '2024-01-20 22:32:48', '2024-01-20 22:32:48'),
(8, 7, 1, 'Honorarios Enero 2024', 1, 95000, 18050.00, 113050, '2024-01-20 22:33:07', '2024-01-20 22:33:07'),
(9, 7, 1, 'Honorarios Enero 2024', 1, 95000, 18050.00, 113050, '2024-01-20 22:34:14', '2024-01-20 22:34:14'),
(10, 7, 1, 'Honorarios Enero 2024', 1, 95000, 18050.00, 113050, '2024-01-20 22:35:36', '2024-01-20 22:35:36'),
(11, 1, 1, 'Honorarios Enero 2024', 1, 2, 0.38, 3, '2024-01-20 22:37:57', '2024-01-20 22:37:57'),
(12, 1, 1, 'Honorarios Enero 2024', 1, 10000, 1900.00, 11900, '2024-01-20 22:39:00', '2024-01-20 22:39:00'),
(13, 1, 1, 'Honorarios Dicembre 2024', 1, 25000, 4750.00, 29750, '2024-01-24 23:51:40', '2024-01-24 23:51:40'),
(14, 1, 1, 'Honorarios Febrero 2024', 1, 400, 76.00, 476, '2024-02-04 17:41:05', '2024-02-04 17:41:05'),
(15, 1, 1, 'Honorarios Febrero 2024', 1, 40, 8.00, 48, '2024-02-04 17:41:41', '2024-02-04 17:41:41'),
(16, 1, 1, 'Honorarios Febrero 2024', 1, 40, 8.00, 48, '2024-02-04 17:45:57', '2024-02-04 17:45:57'),
(17, 1, 1, 'Honorarios Febrero 2024', 1, 90, 18.00, 107, '2024-02-04 17:50:17', '2024-02-04 17:50:17'),
(18, 1, 1, 'Honorarios Febrero 2024', 1, 50000, 9500.00, 59500, '2024-02-04 18:03:36', '2024-02-04 18:03:36'),
(19, 1, 1, 'Honorarios Febrero 2024', 1, 60000, 11400.00, 71400, '2024-02-04 18:03:58', '2024-02-04 18:03:58'),
(20, 1, 1, 'Honorarios Febrero 2024', 1, 50000, 9500.00, 59500, '2024-02-04 18:05:23', '2024-02-04 18:05:23'),
(21, 1, 1, 'Honorarios Febrero 2024', 1, 25000, 4750.00, 29750, '2024-02-04 18:06:57', '2024-02-04 18:06:57'),
(22, 1, 1, 'Honorarios Febrero 2024', 1, 70000, 13300.00, 83300, '2024-02-04 18:08:51', '2024-02-04 18:08:51'),
(23, 2, 1, 'Honorarios Febrero 2024', 1, 50, 10.00, 60, '2024-02-04 19:24:36', '2024-02-04 19:24:36'),
(24, 3, 1, 'Honorarios Febrero 2024', 1, 450, 86.00, 536, '2024-02-04 19:26:56', '2024-02-04 19:26:56'),
(25, 4, 1, 'Honorarios Febrero 2024', 1, 30, 6.00, 36, '2024-02-04 19:27:55', '2024-02-04 19:27:55'),
(26, 5, 1, 'Honorarios Febrero 2024', 1, 40, 8.00, 48, '2024-02-04 19:29:34', '2024-02-04 19:29:34'),
(27, 6, 1, 'Honorarios Febrero 2024', 1, 40, 8.00, 48, '2024-02-04 19:30:29', '2024-02-04 19:30:29'),
(28, 7, 1, 'Honorarios Febrero 2024', 1, 50, 10.00, 60, '2024-02-04 19:30:59', '2024-02-04 19:30:59'),
(29, 1, 1, 'Honorarios Marzo 2024', 1, 40, 8.00, 48, '2024-02-04 19:31:59', '2024-02-04 19:31:59'),
(30, 2, 1, 'Honorarios Marzo 2024', 1, 10, 2.00, 12, '2024-02-04 19:32:26', '2024-02-04 19:32:26'),
(31, 3, 1, 'Honorarios Marzo 2024', 1, 40, 8.00, 48, '2024-02-04 19:33:16', '2024-02-04 19:33:16'),
(32, 4, 1, 'Honorarios Marzo 2024', 1, 330, 63.00, 393, '2024-02-04 19:33:40', '2024-02-04 19:33:40'),
(33, 5, 1, 'Honorarios Marzo 2024', 1, 30, 6.00, 36, '2024-02-04 19:34:07', '2024-02-04 19:34:07'),
(34, 6, 1, 'Honorarios Marzo 2024', 1, 40, 8.00, 48, '2024-02-04 19:35:47', '2024-02-04 19:35:47'),
(35, 7, 1, 'Honorarios Marzo 2024', 1, 40, 8.00, 48, '2024-02-04 19:41:59', '2024-02-04 19:41:59'),
(36, 1, 1, 'Honorarios Abril 2024', 1, 30, 6.00, 36, '2024-02-04 19:42:33', '2024-02-04 19:42:33'),
(37, 2, 1, 'Honorarios Abril 2024', 1, 30, 6.00, 36, '2024-02-04 19:43:54', '2024-02-04 19:43:54'),
(38, 3, 1, 'Honorarios Abril 2024', 1, 40, 8.00, 48, '2024-02-04 19:44:50', '2024-02-04 19:44:50'),
(39, 4, 1, 'Honorarios Abril 2024', 1, 30, 6.00, 36, '2024-02-04 19:47:29', '2024-02-04 19:47:29'),
(40, 5, 1, 'Honorarios Abril 2024', 1, 30, 6.00, 36, '2024-02-04 19:51:45', '2024-02-04 19:51:45'),
(41, 6, 1, 'Honorarios Abril 2024', 1, 40, 8.00, 48, '2024-02-04 19:53:05', '2024-02-04 19:53:05');

-- --------------------------------------------------------

--
-- Estructura de tabla para la tabla `comunas`
--

CREATE TABLE `comunas` (
  `id` int(10) UNSIGNED NOT NULL,
  `name` varchar(255) COLLATE utf8mb4_unicode_ci NOT NULL,
  `region_id` int(10) UNSIGNED NOT NULL,
  `created_at` timestamp NULL DEFAULT NULL,
  `updated_at` timestamp NULL DEFAULT NULL
) ENGINE=InnoDB DEFAULT CHARSET=utf8mb4 COLLATE=utf8mb4_unicode_ci;

--
-- Volcado de datos para la tabla `comunas`
--

INSERT INTO `comunas` (`id`, `name`, `region_id`, `created_at`, `updated_at`) VALUES
(1, 'Arica', 1, '2023-12-16 23:36:31', '2023-12-16 23:36:31'),
(2, 'Camarones', 1, '2023-12-16 23:36:31', '2023-12-16 23:36:31'),
(3, 'General Lagos', 1, '2023-12-16 23:36:31', '2023-12-16 23:36:31'),
(4, 'Putre', 1, '2023-12-16 23:36:31', '2023-12-16 23:36:31'),
(5, 'Alto Hospicio', 2, '2023-12-16 23:36:31', '2023-12-16 23:36:31'),
(6, 'Iquique', 2, '2023-12-16 23:36:31', '2023-12-16 23:36:31'),
(7, 'Camiña', 2, '2023-12-16 23:36:31', '2023-12-16 23:36:31'),
(8, 'Colchane', 2, '2023-12-16 23:36:31', '2023-12-16 23:36:31'),
(9, 'Huara', 2, '2023-12-16 23:36:31', '2023-12-16 23:36:31'),
(10, 'Pica', 2, '2023-12-16 23:36:31', '2023-12-16 23:36:31'),
(11, 'Pozo Almonte', 2, '2023-12-16 23:36:31', '2023-12-16 23:36:31'),
(12, 'Antofagasta', 3, '2023-12-16 23:36:31', '2023-12-16 23:36:31'),
(13, 'Mejillones', 3, '2023-12-16 23:36:31', '2023-12-16 23:36:31'),
(14, 'Sierra Gorda', 3, '2023-12-16 23:36:31', '2023-12-16 23:36:31'),
(15, 'Taltal', 3, '2023-12-16 23:36:31', '2023-12-16 23:36:31'),
(16, 'Calama', 3, '2023-12-16 23:36:31', '2023-12-16 23:36:31'),
(17, 'Ollague', 3, '2023-12-16 23:36:31', '2023-12-16 23:36:31'),
(18, 'San Pedro de Atacama', 3, '2023-12-16 23:36:31', '2023-12-16 23:36:31'),
(19, 'María Elena', 3, '2023-12-16 23:36:31', '2023-12-16 23:36:31'),
(20, 'Tocopilla', 3, '2023-12-16 23:36:31', '2023-12-16 23:36:31'),
(21, 'Chañaral', 4, '2023-12-16 23:36:31', '2023-12-16 23:36:31'),
(22, 'Diego de Almagro', 4, '2023-12-16 23:36:31', '2023-12-16 23:36:31'),
(23, 'Caldera', 4, '2023-12-16 23:36:31', '2023-12-16 23:36:31'),
(24, 'Copiapó', 4, '2023-12-16 23:36:31', '2023-12-16 23:36:31'),
(25, 'Tierra Amarilla', 4, '2023-12-16 23:36:31', '2023-12-16 23:36:31'),
(26, 'Alto del Carmen', 4, '2023-12-16 23:36:31', '2023-12-16 23:36:31'),
(27, 'Freirina', 4, '2023-12-16 23:36:31', '2023-12-16 23:36:31'),
(28, 'Huasco', 4, '2023-12-16 23:36:31', '2023-12-16 23:36:31'),
(29, 'Vallenar', 4, '2023-12-16 23:36:31', '2023-12-16 23:36:31'),
(30, 'Canela', 5, '2023-12-16 23:36:31', '2023-12-16 23:36:31'),
(31, 'Illapel', 5, '2023-12-16 23:36:31', '2023-12-16 23:36:31'),
(32, 'Los Vilos', 5, '2023-12-16 23:36:31', '2023-12-16 23:36:31'),
(33, 'Salamanca', 5, '2023-12-16 23:36:31', '2023-12-16 23:36:31'),
(34, 'Andacollo', 5, '2023-12-16 23:36:31', '2023-12-16 23:36:31'),
(35, 'Coquimbo', 5, '2023-12-16 23:36:31', '2023-12-16 23:36:31'),
(36, 'La Higuera', 5, '2023-12-16 23:36:31', '2023-12-16 23:36:31'),
(37, 'La Serena', 5, '2023-12-16 23:36:31', '2023-12-16 23:36:31'),
(38, 'Paihuaco', 5, '2023-12-16 23:36:31', '2023-12-16 23:36:31'),
(39, 'Vicuña', 5, '2023-12-16 23:36:31', '2023-12-16 23:36:31'),
(40, 'Combarbalá', 5, '2023-12-16 23:36:31', '2023-12-16 23:36:31'),
(41, 'Monte Patria', 5, '2023-12-16 23:36:31', '2023-12-16 23:36:31'),
(42, 'Ovalle', 5, '2023-12-16 23:36:31', '2023-12-16 23:36:31'),
(43, 'Punitaqui', 5, '2023-12-16 23:36:31', '2023-12-16 23:36:31'),
(44, 'Río Hurtado', 5, '2023-12-16 23:36:31', '2023-12-16 23:36:31'),
(45, 'Isla de Pascua', 6, '2023-12-16 23:36:31', '2023-12-16 23:36:31'),
(46, 'Calle Larga', 6, '2023-12-16 23:36:31', '2023-12-16 23:36:31'),
(47, 'Los Andes', 6, '2023-12-16 23:36:31', '2023-12-16 23:36:31'),
(48, 'Rinconada', 6, '2023-12-16 23:36:31', '2023-12-16 23:36:31'),
(49, 'San Esteban', 6, '2023-12-16 23:36:31', '2023-12-16 23:36:31'),
(50, 'La Ligua', 6, '2023-12-16 23:36:31', '2023-12-16 23:36:31'),
(51, 'Papudo', 6, '2023-12-16 23:36:31', '2023-12-16 23:36:31'),
(52, 'Petorca', 6, '2023-12-16 23:36:31', '2023-12-16 23:36:31'),
(53, 'Zapallar', 6, '2023-12-16 23:36:31', '2023-12-16 23:36:31'),
(54, 'Hijuelas', 6, '2023-12-16 23:36:31', '2023-12-16 23:36:31'),
(55, 'La Calera', 6, '2023-12-16 23:36:31', '2023-12-16 23:36:31'),
(56, 'La Cruz', 6, '2023-12-16 23:36:31', '2023-12-16 23:36:31'),
(57, 'Limache', 6, '2023-12-16 23:36:31', '2023-12-16 23:36:31'),
(58, 'Nogales', 6, '2023-12-16 23:36:31', '2023-12-16 23:36:31'),
(59, 'Olmué', 6, '2023-12-16 23:36:31', '2023-12-16 23:36:31'),
(60, 'Quillota', 6, '2023-12-16 23:36:31', '2023-12-16 23:36:31'),
(61, 'Algarrobo', 6, '2023-12-16 23:36:31', '2023-12-16 23:36:31'),
(62, 'Cartagena', 6, '2023-12-16 23:36:31', '2023-12-16 23:36:31'),
(63, 'El Quisco', 6, '2023-12-16 23:36:31', '2023-12-16 23:36:31'),
(64, 'El Tabo', 6, '2023-12-16 23:36:31', '2023-12-16 23:36:31'),
(65, 'San Antonio', 6, '2023-12-16 23:36:31', '2023-12-16 23:36:31'),
(66, 'Santo Domingo', 6, '2023-12-16 23:36:31', '2023-12-16 23:36:31'),
(67, 'Catemu', 6, '2023-12-16 23:36:31', '2023-12-16 23:36:31'),
(68, 'Llaillay', 6, '2023-12-16 23:36:31', '2023-12-16 23:36:31'),
(69, 'Panquehue', 6, '2023-12-16 23:36:31', '2023-12-16 23:36:31'),
(70, 'Putaendo', 6, '2023-12-16 23:36:31', '2023-12-16 23:36:31'),
(71, 'San Felipe', 6, '2023-12-16 23:36:31', '2023-12-16 23:36:31'),
(72, 'Santa María', 6, '2023-12-16 23:36:31', '2023-12-16 23:36:31'),
(73, 'Casablanca', 6, '2023-12-16 23:36:31', '2023-12-16 23:36:31'),
(74, 'Concón', 6, '2023-12-16 23:36:31', '2023-12-16 23:36:31'),
(75, 'Juan Fernández', 6, '2023-12-16 23:36:31', '2023-12-16 23:36:31'),
(76, 'Puchuncaví', 6, '2023-12-16 23:36:31', '2023-12-16 23:36:31'),
(77, 'Quilpué', 6, '2023-12-16 23:36:31', '2023-12-16 23:36:31'),
(78, 'Quintero', 6, '2023-12-16 23:36:31', '2023-12-16 23:36:31'),
(79, 'Valparaíso', 6, '2023-12-16 23:36:31', '2023-12-16 23:36:31'),
(80, 'Villa Alemana', 6, '2023-12-16 23:36:31', '2023-12-16 23:36:31'),
(81, 'Viña del Mar', 6, '2023-12-16 23:36:31', '2023-12-16 23:36:31'),
(82, 'Colina', 7, '2023-12-16 23:36:31', '2023-12-16 23:36:31'),
(83, 'Lampa', 7, '2023-12-16 23:36:31', '2023-12-16 23:36:31'),
(84, 'Tiltil', 7, '2023-12-16 23:36:31', '2023-12-16 23:36:31'),
(85, 'Pirque', 7, '2023-12-16 23:36:31', '2023-12-16 23:36:31'),
(86, 'Puente Alto', 7, '2023-12-16 23:36:31', '2023-12-16 23:36:31'),
(87, 'San José de Maipo', 7, '2023-12-16 23:36:31', '2023-12-16 23:36:31'),
(88, 'Buin', 7, '2023-12-16 23:36:31', '2023-12-16 23:36:31'),
(89, 'Calera de Tango', 7, '2023-12-16 23:36:31', '2023-12-16 23:36:31'),
(90, 'Paine', 7, '2023-12-16 23:36:31', '2023-12-16 23:36:31'),
(91, 'San Bernardo', 7, '2023-12-16 23:36:31', '2023-12-16 23:36:31'),
(92, 'Alhué', 7, '2023-12-16 23:36:31', '2023-12-16 23:36:31'),
(93, 'Curacaví', 7, '2023-12-16 23:36:31', '2023-12-16 23:36:31'),
(94, 'María Pinto', 7, '2023-12-16 23:36:31', '2023-12-16 23:36:31'),
(95, 'Melipilla', 7, '2023-12-16 23:36:31', '2023-12-16 23:36:31'),
(96, 'San Pedro', 7, '2023-12-16 23:36:31', '2023-12-16 23:36:31'),
(97, 'Cerrillos', 7, '2023-12-16 23:36:31', '2023-12-16 23:36:31'),
(98, 'Cerro Navia', 7, '2023-12-16 23:36:31', '2023-12-16 23:36:31'),
(99, 'Conchalí', 7, '2023-12-16 23:36:31', '2023-12-16 23:36:31'),
(100, 'El Bosque', 7, '2023-12-16 23:36:31', '2023-12-16 23:36:31'),
(101, 'Estación Central', 7, '2023-12-16 23:36:31', '2023-12-16 23:36:31'),
(102, 'Huechuraba', 7, '2023-12-16 23:36:31', '2023-12-16 23:36:31'),
(103, 'Independencia', 7, '2023-12-16 23:36:31', '2023-12-16 23:36:31'),
(104, 'La Cisterna', 7, '2023-12-16 23:36:31', '2023-12-16 23:36:31'),
(105, 'La Granja', 7, '2023-12-16 23:36:31', '2023-12-16 23:36:31'),
(106, 'La Florida', 7, '2023-12-16 23:36:31', '2023-12-16 23:36:31'),
(107, 'La Pintana', 7, '2023-12-16 23:36:31', '2023-12-16 23:36:31'),
(108, 'La Reina', 7, '2023-12-16 23:36:31', '2023-12-16 23:36:31'),
(109, 'Las Condes', 7, '2023-12-16 23:36:31', '2023-12-16 23:36:31'),
(110, 'Lo Barnechea', 7, '2023-12-16 23:36:31', '2023-12-16 23:36:31'),
(111, 'Lo Espejo', 7, '2023-12-16 23:36:31', '2023-12-16 23:36:31'),
(112, 'Lo Prado', 7, '2023-12-16 23:36:31', '2023-12-16 23:36:31'),
(113, 'Macul', 7, '2023-12-16 23:36:31', '2023-12-16 23:36:31'),
(114, 'Maipú', 7, '2023-12-16 23:36:31', '2023-12-16 23:36:31'),
(115, 'Ñuñoa', 7, '2023-12-16 23:36:31', '2023-12-16 23:36:31'),
(116, 'Pedro Aguirre Cerda', 7, '2023-12-16 23:36:31', '2023-12-16 23:36:31'),
(117, 'Peñalolén', 7, '2023-12-16 23:36:31', '2023-12-16 23:36:31'),
(118, 'Providencia', 7, '2023-12-16 23:36:31', '2023-12-16 23:36:31'),
(119, 'Pudahuel', 7, '2023-12-16 23:36:31', '2023-12-16 23:36:31'),
(120, 'Quilicura', 7, '2023-12-16 23:36:31', '2023-12-16 23:36:31'),
(121, 'Quinta Normal', 7, '2023-12-16 23:36:31', '2023-12-16 23:36:31'),
(122, 'Recoleta', 7, '2023-12-16 23:36:31', '2023-12-16 23:36:31'),
(123, 'Renca', 7, '2023-12-16 23:36:31', '2023-12-16 23:36:31'),
(124, 'San Miguel', 7, '2023-12-16 23:36:31', '2023-12-16 23:36:31'),
(125, 'San Joaquín', 7, '2023-12-16 23:36:31', '2023-12-16 23:36:31'),
(126, 'San Ramón', 7, '2023-12-16 23:36:31', '2023-12-16 23:36:31'),
(127, 'Santiago', 7, '2023-12-16 23:36:31', '2023-12-16 23:36:31'),
(128, 'Vitacura', 7, '2023-12-16 23:36:31', '2023-12-16 23:36:31'),
(129, 'El Monte', 7, '2023-12-16 23:36:31', '2023-12-16 23:36:31'),
(130, 'Isla de Maipo', 7, '2023-12-16 23:36:31', '2023-12-16 23:36:31'),
(131, 'Padre Hurtado', 7, '2023-12-16 23:36:31', '2023-12-16 23:36:31'),
(132, 'Peñaflor', 7, '2023-12-16 23:36:31', '2023-12-16 23:36:31'),
(133, 'Talagante', 7, '2023-12-16 23:36:31', '2023-12-16 23:36:31'),
(134, 'Codegua', 8, '2023-12-16 23:36:31', '2023-12-16 23:36:31'),
(135, 'Coínco', 8, '2023-12-16 23:36:31', '2023-12-16 23:36:31'),
(136, 'Coltauco', 8, '2023-12-16 23:36:31', '2023-12-16 23:36:31'),
(137, 'Doñihue', 8, '2023-12-16 23:36:31', '2023-12-16 23:36:31'),
(138, 'Graneros', 8, '2023-12-16 23:36:31', '2023-12-16 23:36:31'),
(139, 'Las Cabras', 8, '2023-12-16 23:36:31', '2023-12-16 23:36:31'),
(140, 'Machalí', 8, '2023-12-16 23:36:31', '2023-12-16 23:36:31'),
(141, 'Malloa', 8, '2023-12-16 23:36:31', '2023-12-16 23:36:31'),
(142, 'Mostazal', 8, '2023-12-16 23:36:31', '2023-12-16 23:36:31'),
(143, 'Olivar', 8, '2023-12-16 23:36:31', '2023-12-16 23:36:31'),
(144, 'Peumo', 8, '2023-12-16 23:36:31', '2023-12-16 23:36:31'),
(145, 'Pichidegua', 8, '2023-12-16 23:36:31', '2023-12-16 23:36:31'),
(146, 'Quinta de Tilcoco', 8, '2023-12-16 23:36:31', '2023-12-16 23:36:31'),
(147, 'Rancagua', 8, '2023-12-16 23:36:31', '2023-12-16 23:36:31'),
(148, 'Rengo', 8, '2023-12-16 23:36:31', '2023-12-16 23:36:31'),
(149, 'Requínoa', 8, '2023-12-16 23:36:31', '2023-12-16 23:36:31'),
(150, 'San Vicente de Tagua Tagua', 8, '2023-12-16 23:36:31', '2023-12-16 23:36:31'),
(151, 'La Estrella', 8, '2023-12-16 23:36:31', '2023-12-16 23:36:31'),
(152, 'Litueche', 8, '2023-12-16 23:36:31', '2023-12-16 23:36:31'),
(153, 'Marchihue', 8, '2023-12-16 23:36:31', '2023-12-16 23:36:31'),
(154, 'Navidad', 8, '2023-12-16 23:36:31', '2023-12-16 23:36:31'),
(155, 'Peredones', 8, '2023-12-16 23:36:31', '2023-12-16 23:36:31'),
(156, 'Pichilemu', 8, '2023-12-16 23:36:31', '2023-12-16 23:36:31'),
(157, 'Chépica', 8, '2023-12-16 23:36:31', '2023-12-16 23:36:31'),
(158, 'Chimbarongo', 8, '2023-12-16 23:36:31', '2023-12-16 23:36:31'),
(159, 'Lolol', 8, '2023-12-16 23:36:31', '2023-12-16 23:36:31'),
(160, 'Nancagua', 8, '2023-12-16 23:36:31', '2023-12-16 23:36:31'),
(161, 'Palmilla', 8, '2023-12-16 23:36:31', '2023-12-16 23:36:31'),
(162, 'Peralillo', 8, '2023-12-16 23:36:31', '2023-12-16 23:36:31'),
(163, 'Placilla', 8, '2023-12-16 23:36:31', '2023-12-16 23:36:31'),
(164, 'Pumanque', 8, '2023-12-16 23:36:31', '2023-12-16 23:36:31'),
(165, 'San Fernando', 8, '2023-12-16 23:36:31', '2023-12-16 23:36:31'),
(166, 'Santa Cruz', 8, '2023-12-16 23:36:31', '2023-12-16 23:36:31'),
(167, 'Cauquenes', 9, '2023-12-16 23:36:31', '2023-12-16 23:36:31'),
(168, 'Chanco', 9, '2023-12-16 23:36:31', '2023-12-16 23:36:31'),
(169, 'Pelluhue', 9, '2023-12-16 23:36:31', '2023-12-16 23:36:31'),
(170, 'Curicó', 9, '2023-12-16 23:36:31', '2023-12-16 23:36:31'),
(171, 'Hualañé', 9, '2023-12-16 23:36:31', '2023-12-16 23:36:31'),
(172, 'Licantén', 9, '2023-12-16 23:36:31', '2023-12-16 23:36:31'),
(173, 'Molina', 9, '2023-12-16 23:36:31', '2023-12-16 23:36:31'),
(174, 'Rauco', 9, '2023-12-16 23:36:31', '2023-12-16 23:36:31'),
(175, 'Romeral', 9, '2023-12-16 23:36:31', '2023-12-16 23:36:31'),
(176, 'Sagrada Familia', 9, '2023-12-16 23:36:31', '2023-12-16 23:36:31'),
(177, 'Teno', 9, '2023-12-16 23:36:31', '2023-12-16 23:36:31'),
(178, 'Vichuquén', 9, '2023-12-16 23:36:31', '2023-12-16 23:36:31'),
(179, 'Colbún', 9, '2023-12-16 23:36:31', '2023-12-16 23:36:31'),
(180, 'Linares', 9, '2023-12-16 23:36:31', '2023-12-16 23:36:31'),
(181, 'Longaví', 9, '2023-12-16 23:36:31', '2023-12-16 23:36:31'),
(182, 'Parral', 9, '2023-12-16 23:36:31', '2023-12-16 23:36:31'),
(183, 'Retiro', 9, '2023-12-16 23:36:31', '2023-12-16 23:36:31'),
(184, 'San Javier', 9, '2023-12-16 23:36:31', '2023-12-16 23:36:31'),
(185, 'Villa Alegre', 9, '2023-12-16 23:36:31', '2023-12-16 23:36:31'),
(186, 'Yerbas Buenas', 9, '2023-12-16 23:36:31', '2023-12-16 23:36:31'),
(187, 'Constitución', 9, '2023-12-16 23:36:31', '2023-12-16 23:36:31'),
(188, 'Curepto', 9, '2023-12-16 23:36:31', '2023-12-16 23:36:31'),
(189, 'Empedrado', 9, '2023-12-16 23:36:31', '2023-12-16 23:36:31'),
(190, 'Maule', 9, '2023-12-16 23:36:31', '2023-12-16 23:36:31'),
(191, 'Pelarco', 9, '2023-12-16 23:36:31', '2023-12-16 23:36:31'),
(192, 'Pencahue', 9, '2023-12-16 23:36:31', '2023-12-16 23:36:31'),
(193, 'Río Claro', 9, '2023-12-16 23:36:31', '2023-12-16 23:36:31'),
(194, 'San Clemente', 9, '2023-12-16 23:36:31', '2023-12-16 23:36:31'),
(195, 'San Rafael', 9, '2023-12-16 23:36:31', '2023-12-16 23:36:31'),
(196, 'Talca', 9, '2023-12-16 23:36:31', '2023-12-16 23:36:31'),
(197, 'Arauco', 10, '2023-12-16 23:36:31', '2023-12-16 23:36:31'),
(198, 'Cañete', 10, '2023-12-16 23:36:31', '2023-12-16 23:36:31'),
(199, 'Contulmo', 10, '2023-12-16 23:36:31', '2023-12-16 23:36:31'),
(200, 'Curanilahue', 10, '2023-12-16 23:36:31', '2023-12-16 23:36:31'),
(201, 'Lebu', 10, '2023-12-16 23:36:31', '2023-12-16 23:36:31'),
(202, 'Los Álamos', 10, '2023-12-16 23:36:31', '2023-12-16 23:36:31'),
(203, 'Tirúa', 10, '2023-12-16 23:36:31', '2023-12-16 23:36:31'),
(204, 'Alto Biobío', 10, '2023-12-16 23:36:31', '2023-12-16 23:36:31'),
(205, 'Antuco', 10, '2023-12-16 23:36:31', '2023-12-16 23:36:31'),
(206, 'Cabrero', 10, '2023-12-16 23:36:31', '2023-12-16 23:36:31'),
(207, 'Laja', 10, '2023-12-16 23:36:31', '2023-12-16 23:36:31'),
(208, 'Los Ángeles', 10, '2023-12-16 23:36:31', '2023-12-16 23:36:31'),
(209, 'Mulchén', 10, '2023-12-16 23:36:31', '2023-12-16 23:36:31'),
(210, 'Nacimiento', 10, '2023-12-16 23:36:31', '2023-12-16 23:36:31'),
(211, 'Negrete', 10, '2023-12-16 23:36:31', '2023-12-16 23:36:31'),
(212, 'Quilaco', 10, '2023-12-16 23:36:31', '2023-12-16 23:36:31'),
(213, 'Quilleco', 10, '2023-12-16 23:36:31', '2023-12-16 23:36:31'),
(214, 'San Rosendo', 10, '2023-12-16 23:36:31', '2023-12-16 23:36:31'),
(215, 'Santa Bárbara', 10, '2023-12-16 23:36:31', '2023-12-16 23:36:31'),
(216, 'Tucapel', 10, '2023-12-16 23:36:31', '2023-12-16 23:36:31'),
(217, 'Yumbel', 10, '2023-12-16 23:36:31', '2023-12-16 23:36:31'),
(218, 'Chiguayante', 10, '2023-12-16 23:36:31', '2023-12-16 23:36:31'),
(219, 'Concepción', 10, '2023-12-16 23:36:31', '2023-12-16 23:36:31'),
(220, 'Coronel', 10, '2023-12-16 23:36:31', '2023-12-16 23:36:31'),
(221, 'Florida', 10, '2023-12-16 23:36:31', '2023-12-16 23:36:31'),
(222, 'Hualpén', 10, '2023-12-16 23:36:31', '2023-12-16 23:36:31'),
(223, 'Hualqui', 10, '2023-12-16 23:36:31', '2023-12-16 23:36:31'),
(224, 'Lota', 10, '2023-12-16 23:36:31', '2023-12-16 23:36:31'),
(225, 'Penco', 10, '2023-12-16 23:36:31', '2023-12-16 23:36:31'),
(226, 'San Pedro de La Paz', 10, '2023-12-16 23:36:31', '2023-12-16 23:36:31'),
(227, 'Santa Juana', 10, '2023-12-16 23:36:31', '2023-12-16 23:36:31'),
(228, 'Talcahuano', 10, '2023-12-16 23:36:31', '2023-12-16 23:36:31'),
(229, 'Tomé', 10, '2023-12-16 23:36:31', '2023-12-16 23:36:31'),
(230, 'Bulnes', 10, '2023-12-16 23:36:31', '2023-12-16 23:36:31'),
(231, 'Chillán', 10, '2023-12-16 23:36:31', '2023-12-16 23:36:31'),
(232, 'Chillán Viejo', 10, '2023-12-16 23:36:31', '2023-12-16 23:36:31'),
(233, 'Cobquecura', 10, '2023-12-16 23:36:31', '2023-12-16 23:36:31'),
(234, 'Coelemu', 10, '2023-12-16 23:36:31', '2023-12-16 23:36:31'),
(235, 'Coihueco', 10, '2023-12-16 23:36:31', '2023-12-16 23:36:31'),
(236, 'El Carmen', 10, '2023-12-16 23:36:31', '2023-12-16 23:36:31'),
(237, 'Ninhue', 10, '2023-12-16 23:36:31', '2023-12-16 23:36:31'),
(238, 'Ñiquen', 10, '2023-12-16 23:36:31', '2023-12-16 23:36:31'),
(239, 'Pemuco', 10, '2023-12-16 23:36:31', '2023-12-16 23:36:31'),
(240, 'Pinto', 10, '2023-12-16 23:36:31', '2023-12-16 23:36:31'),
(241, 'Portezuelo', 10, '2023-12-16 23:36:31', '2023-12-16 23:36:31'),
(242, 'Quillón', 10, '2023-12-16 23:36:31', '2023-12-16 23:36:31'),
(243, 'Quirihue', 10, '2023-12-16 23:36:31', '2023-12-16 23:36:31'),
(244, 'Ránquil', 10, '2023-12-16 23:36:31', '2023-12-16 23:36:31'),
(245, 'San Carlos', 10, '2023-12-16 23:36:31', '2023-12-16 23:36:31'),
(246, 'San Fabián', 10, '2023-12-16 23:36:31', '2023-12-16 23:36:31'),
(247, 'San Ignacio', 10, '2023-12-16 23:36:31', '2023-12-16 23:36:31'),
(248, 'San Nicolás', 10, '2023-12-16 23:36:31', '2023-12-16 23:36:31'),
(249, 'Treguaco', 10, '2023-12-16 23:36:31', '2023-12-16 23:36:31'),
(250, 'Yungay', 10, '2023-12-16 23:36:31', '2023-12-16 23:36:31'),
(251, 'Carahue', 11, '2023-12-16 23:36:31', '2023-12-16 23:36:31'),
(252, 'Cholchol', 11, '2023-12-16 23:36:31', '2023-12-16 23:36:31'),
(253, 'Cunco', 11, '2023-12-16 23:36:31', '2023-12-16 23:36:31'),
(254, 'Curarrehue', 11, '2023-12-16 23:36:31', '2023-12-16 23:36:31'),
(255, 'Freire', 11, '2023-12-16 23:36:31', '2023-12-16 23:36:31'),
(256, 'Galvarino', 11, '2023-12-16 23:36:31', '2023-12-16 23:36:31'),
(257, 'Gorbea', 11, '2023-12-16 23:36:31', '2023-12-16 23:36:31'),
(258, 'Lautaro', 11, '2023-12-16 23:36:31', '2023-12-16 23:36:31'),
(259, 'Loncoche', 11, '2023-12-16 23:36:31', '2023-12-16 23:36:31'),
(260, 'Melipeuco', 11, '2023-12-16 23:36:31', '2023-12-16 23:36:31'),
(261, 'Nueva Imperial', 11, '2023-12-16 23:36:31', '2023-12-16 23:36:31'),
(262, 'Padre Las Casas', 11, '2023-12-16 23:36:31', '2023-12-16 23:36:31'),
(263, 'Perquenco', 11, '2023-12-16 23:36:31', '2023-12-16 23:36:31'),
(264, 'Pitrufquén', 11, '2023-12-16 23:36:31', '2023-12-16 23:36:31'),
(265, 'Pucón', 11, '2023-12-16 23:36:31', '2023-12-16 23:36:31'),
(266, 'Saavedra', 11, '2023-12-16 23:36:31', '2023-12-16 23:36:31'),
(267, 'Temuco', 11, '2023-12-16 23:36:31', '2023-12-16 23:36:31'),
(268, 'Teodoro Schmidt', 11, '2023-12-16 23:36:31', '2023-12-16 23:36:31'),
(269, 'Toltén', 11, '2023-12-16 23:36:31', '2023-12-16 23:36:31'),
(270, 'Vilcún', 11, '2023-12-16 23:36:31', '2023-12-16 23:36:31'),
(271, 'Villarrica', 11, '2023-12-16 23:36:31', '2023-12-16 23:36:31'),
(272, 'Angol', 11, '2023-12-16 23:36:31', '2023-12-16 23:36:31'),
(273, 'Collipulli', 11, '2023-12-16 23:36:31', '2023-12-16 23:36:31'),
(274, 'Curacautín', 11, '2023-12-16 23:36:31', '2023-12-16 23:36:31'),
(275, 'Ercilla', 11, '2023-12-16 23:36:31', '2023-12-16 23:36:31'),
(276, 'Lonquimay', 11, '2023-12-16 23:36:31', '2023-12-16 23:36:31'),
(277, 'Los Sauces', 11, '2023-12-16 23:36:31', '2023-12-16 23:36:31'),
(278, 'Lumaco', 11, '2023-12-16 23:36:31', '2023-12-16 23:36:31'),
(279, 'Purén', 11, '2023-12-16 23:36:31', '2023-12-16 23:36:31'),
(280, 'Renaico', 11, '2023-12-16 23:36:31', '2023-12-16 23:36:31'),
(281, 'Traiguén', 11, '2023-12-16 23:36:31', '2023-12-16 23:36:31'),
(282, 'Victoria', 11, '2023-12-16 23:36:31', '2023-12-16 23:36:31'),
(283, 'Corral', 12, '2023-12-16 23:36:31', '2023-12-16 23:36:31'),
(284, 'Lanco', 12, '2023-12-16 23:36:31', '2023-12-16 23:36:31'),
(285, 'Los Lagos', 12, '2023-12-16 23:36:31', '2023-12-16 23:36:31'),
(286, 'Máfil', 12, '2023-12-16 23:36:31', '2023-12-16 23:36:31'),
(287, 'Mariquina', 12, '2023-12-16 23:36:31', '2023-12-16 23:36:31'),
(288, 'Paillaco', 12, '2023-12-16 23:36:31', '2023-12-16 23:36:31'),
(289, 'Panguipulli', 12, '2023-12-16 23:36:31', '2023-12-16 23:36:31'),
(290, 'Valdivia', 12, '2023-12-16 23:36:31', '2023-12-16 23:36:31'),
(291, 'Futrono', 12, '2023-12-16 23:36:31', '2023-12-16 23:36:31'),
(292, 'La Unión', 12, '2023-12-16 23:36:31', '2023-12-16 23:36:31'),
(293, 'Lago Ranco', 12, '2023-12-16 23:36:31', '2023-12-16 23:36:31'),
(294, 'Río Bueno', 12, '2023-12-16 23:36:31', '2023-12-16 23:36:31'),
(295, 'Ancud', 13, '2023-12-16 23:36:31', '2023-12-16 23:36:31'),
(296, 'Castro', 13, '2023-12-16 23:36:31', '2023-12-16 23:36:31'),
(297, 'Chonchi', 13, '2023-12-16 23:36:31', '2023-12-16 23:36:31'),
(298, 'Curaco de Vélez', 13, '2023-12-16 23:36:31', '2023-12-16 23:36:31'),
(299, 'Dalcahue', 13, '2023-12-16 23:36:31', '2023-12-16 23:36:31'),
(300, 'Puqueldón', 13, '2023-12-16 23:36:31', '2023-12-16 23:36:31'),
(301, 'Queilén', 13, '2023-12-16 23:36:31', '2023-12-16 23:36:31'),
(302, 'Quemchi', 13, '2023-12-16 23:36:31', '2023-12-16 23:36:31'),
(303, 'Quellón', 13, '2023-12-16 23:36:31', '2023-12-16 23:36:31'),
(304, 'Quinchao', 13, '2023-12-16 23:36:31', '2023-12-16 23:36:31'),
(305, 'Calbuco', 13, '2023-12-16 23:36:31', '2023-12-16 23:36:31'),
(306, 'Cochamó', 13, '2023-12-16 23:36:31', '2023-12-16 23:36:31'),
(307, 'Fresia', 13, '2023-12-16 23:36:31', '2023-12-16 23:36:31'),
(308, 'Frutillar', 13, '2023-12-16 23:36:31', '2023-12-16 23:36:31'),
(309, 'Llanquihue', 13, '2023-12-16 23:36:31', '2023-12-16 23:36:31'),
(310, 'Los Muermos', 13, '2023-12-16 23:36:31', '2023-12-16 23:36:31'),
(311, 'Maullín', 13, '2023-12-16 23:36:31', '2023-12-16 23:36:31'),
(312, 'Puerto Montt', 13, '2023-12-16 23:36:31', '2023-12-16 23:36:31'),
(313, 'Puerto Varas', 13, '2023-12-16 23:36:31', '2023-12-16 23:36:31'),
(314, 'Osorno', 13, '2023-12-16 23:36:31', '2023-12-16 23:36:31'),
(315, 'Puero Octay', 13, '2023-12-16 23:36:31', '2023-12-16 23:36:31'),
(316, 'Purranque', 13, '2023-12-16 23:36:31', '2023-12-16 23:36:31'),
(317, 'Puyehue', 13, '2023-12-16 23:36:31', '2023-12-16 23:36:31'),
(318, 'Río Negro', 13, '2023-12-16 23:36:31', '2023-12-16 23:36:31'),
(319, 'San Juan de la Costa', 13, '2023-12-16 23:36:31', '2023-12-16 23:36:31'),
(320, 'San Pablo', 13, '2023-12-16 23:36:31', '2023-12-16 23:36:31'),
(321, 'Chaitén', 13, '2023-12-16 23:36:31', '2023-12-16 23:36:31'),
(322, 'Futaleufú', 13, '2023-12-16 23:36:31', '2023-12-16 23:36:31'),
(323, 'Hualaihué', 13, '2023-12-16 23:36:31', '2023-12-16 23:36:31'),
(324, 'Palena', 13, '2023-12-16 23:36:31', '2023-12-16 23:36:31'),
(325, 'Aisén', 14, '2023-12-16 23:36:31', '2023-12-16 23:36:31'),
(326, 'Cisnes', 14, '2023-12-16 23:36:31', '2023-12-16 23:36:31'),
(327, 'Guaitecas', 14, '2023-12-16 23:36:31', '2023-12-16 23:36:31'),
(328, 'Cochrane', 14, '2023-12-16 23:36:31', '2023-12-16 23:36:31'),
(329, 'O\'higgins', 14, '2023-12-16 23:36:31', '2023-12-16 23:36:31'),
(330, 'Tortel', 14, '2023-12-16 23:36:31', '2023-12-16 23:36:31'),
(331, 'Coihaique', 14, '2023-12-16 23:36:31', '2023-12-16 23:36:31'),
(332, 'Lago Verde', 14, '2023-12-16 23:36:31', '2023-12-16 23:36:31'),
(333, 'Chile Chico', 14, '2023-12-16 23:36:31', '2023-12-16 23:36:31'),
(334, 'Río Ibáñez', 14, '2023-12-16 23:36:31', '2023-12-16 23:36:31'),
(335, 'Antártica', 15, '2023-12-16 23:36:31', '2023-12-16 23:36:31'),
(336, 'Cabo de Hornos', 15, '2023-12-16 23:36:31', '2023-12-16 23:36:31'),
(337, 'Laguna Blanca', 15, '2023-12-16 23:36:31', '2023-12-16 23:36:31'),
(338, 'Punta Arenas', 15, '2023-12-16 23:36:31', '2023-12-16 23:36:31'),
(339, 'Río Verde', 15, '2023-12-16 23:36:31', '2023-12-16 23:36:31'),
(340, 'San Gregorio', 15, '2023-12-16 23:36:31', '2023-12-16 23:36:31'),
(341, 'Porvenir', 15, '2023-12-16 23:36:31', '2023-12-16 23:36:31'),
(342, 'Primavera', 15, '2023-12-16 23:36:31', '2023-12-16 23:36:31'),
(343, 'Timaukel', 15, '2023-12-16 23:36:31', '2023-12-16 23:36:31'),
(344, 'Natales', 15, '2023-12-16 23:36:31', '2023-12-16 23:36:31'),
(345, 'Torres del Paine', 15, '2023-12-16 23:36:31', '2023-12-16 23:36:31'),
(346, 'Cabildo', 6, '2023-12-16 23:36:31', '2023-12-16 23:36:31');

-- --------------------------------------------------------

--
-- Estructura de tabla para la tabla `config_apis`
--

CREATE TABLE `config_apis` (
  `id` int(10) UNSIGNED NOT NULL,
  `certificado_digital` varchar(100) COLLATE utf8mb4_unicode_ci DEFAULT NULL,
  `pass_certificado_digital` varchar(100) COLLATE utf8mb4_unicode_ci DEFAULT NULL,
  `usuario_api` varchar(100) COLLATE utf8mb4_unicode_ci DEFAULT NULL,
  `token_api` varchar(100) COLLATE utf8mb4_unicode_ci DEFAULT NULL,
  `created_at` timestamp NULL DEFAULT NULL,
  `updated_at` timestamp NULL DEFAULT NULL
) ENGINE=InnoDB DEFAULT CHARSET=utf8mb4 COLLATE=utf8mb4_unicode_ci;

-- --------------------------------------------------------

--
-- Estructura de tabla para la tabla `empresas`
--

CREATE TABLE `empresas` (
  `id` int(10) UNSIGNED NOT NULL,
  `razon_social` varchar(255) COLLATE utf8mb4_unicode_ci DEFAULT NULL,
  `rut_empresa` varchar(250) COLLATE utf8mb4_unicode_ci DEFAULT NULL,
  `logo_empresa` varchar(250) COLLATE utf8mb4_unicode_ci DEFAULT NULL,
  `direccion_empresa` varchar(255) COLLATE utf8mb4_unicode_ci DEFAULT NULL,
  `region_id` int(10) UNSIGNED NOT NULL,
  `comuna_id` int(10) UNSIGNED NOT NULL,
  `tipo_venta` varchar(255) COLLATE utf8mb4_unicode_ci DEFAULT NULL,
  `email_empresa` varchar(255) COLLATE utf8mb4_unicode_ci DEFAULT NULL,
  `telefono_empresa` varchar(255) COLLATE utf8mb4_unicode_ci DEFAULT NULL,
  `giro_empresa` varchar(255) COLLATE utf8mb4_unicode_ci DEFAULT NULL,
  `act_econo_empresa` varchar(255) COLLATE utf8mb4_unicode_ci DEFAULT NULL,
  `created_at` timestamp NULL DEFAULT NULL,
  `updated_at` timestamp NULL DEFAULT NULL
) ENGINE=InnoDB DEFAULT CHARSET=utf8mb4 COLLATE=utf8mb4_unicode_ci;

--
-- Volcado de datos para la tabla `empresas`
--

INSERT INTO `empresas` (`id`, `razon_social`, `rut_empresa`, `logo_empresa`, `direccion_empresa`, `region_id`, `comuna_id`, `tipo_venta`, `email_empresa`, `telefono_empresa`, `giro_empresa`, `act_econo_empresa`, `created_at`, `updated_at`) VALUES
(1, 'HYPERONYM, SPA', '76.974.835-0', NULL, 'Av Apoquindo', 7, 109, 'Del Giro', 'gabriel@hyperonym.cl', '90000000', 'ACTIVIDADES DE CONSULTORIA DE GESTION', 'ACTIVIDADES DE CONTABILIDAD, TENEDURIA DE LIBROS Y AUDITORIA, CONSULTORIA FISCAL', '2024-01-20 20:40:52', '2024-01-20 20:54:31');

-- --------------------------------------------------------

--
-- Estructura de tabla para la tabla `facturas`
--

CREATE TABLE `facturas` (
  `id` int(10) UNSIGNED NOT NULL,
  `num_factura` int(20) DEFAULT '0',
  `fecha_emision` date DEFAULT NULL,
  `empresa_id` int(10) UNSIGNED NOT NULL,
  `cliente_id` int(10) UNSIGNED NOT NULL,
  `forma_pago_id` int(10) UNSIGNED NOT NULL,
  `sub_total` int(11) DEFAULT '0',
  `descuento_global` int(11) DEFAULT '0',
  `monto` int(11) DEFAULT '0',
  `monto_neto` int(11) DEFAULT '0',
  `iva` int(11) DEFAULT '0',
  `total_iva` int(11) DEFAULT '0',
  `total` int(11) DEFAULT '0',
  `created_at` timestamp NULL DEFAULT NULL,
  `updated_at` timestamp NULL DEFAULT NULL
) ENGINE=InnoDB DEFAULT CHARSET=utf8mb4 COLLATE=utf8mb4_unicode_ci;

-- --------------------------------------------------------

--
-- Estructura de tabla para la tabla `factura_productos`
--

CREATE TABLE `factura_productos` (
  `id` int(10) UNSIGNED NOT NULL,
  `factura_id` int(10) UNSIGNED NOT NULL,
  `nombre_producto` varchar(255) COLLATE utf8mb4_unicode_ci DEFAULT NULL,
  `descripcion_producto` varchar(255) COLLATE utf8mb4_unicode_ci DEFAULT NULL,
  `cantidad_producto` int(11) DEFAULT '0',
  `unidad` int(11) DEFAULT '0',
  `precio_producto` int(11) DEFAULT '0',
  `descuento_producto` int(11) DEFAULT '0',
  `sub_total_producto` int(11) DEFAULT '0',
  `created_at` timestamp NULL DEFAULT NULL,
  `updated_at` timestamp NULL DEFAULT NULL
) ENGINE=InnoDB DEFAULT CHARSET=utf8mb4 COLLATE=utf8mb4_unicode_ci;

-- --------------------------------------------------------

--
-- Estructura de tabla para la tabla `factura_referencias`
--

CREATE TABLE `factura_referencias` (
  `id` int(10) UNSIGNED NOT NULL,
  `factura_id` int(10) UNSIGNED NOT NULL,
  `tipo_documento` varchar(255) COLLATE utf8mb4_unicode_ci DEFAULT NULL,
  `ind` int(11) DEFAULT '0',
  `folio_referencia` varchar(255) COLLATE utf8mb4_unicode_ci DEFAULT NULL,
  `fecha_referencia` date DEFAULT NULL,
  `razon_referencia` varchar(255) COLLATE utf8mb4_unicode_ci DEFAULT NULL,
  `created_at` timestamp NULL DEFAULT NULL,
  `updated_at` timestamp NULL DEFAULT NULL
) ENGINE=InnoDB DEFAULT CHARSET=utf8mb4 COLLATE=utf8mb4_unicode_ci;

-- --------------------------------------------------------

--
-- Estructura de tabla para la tabla `failed_jobs`
--

CREATE TABLE `failed_jobs` (
  `id` bigint(20) UNSIGNED NOT NULL,
  `connection` text COLLATE utf8mb4_unicode_ci NOT NULL,
  `queue` text COLLATE utf8mb4_unicode_ci NOT NULL,
  `payload` longtext COLLATE utf8mb4_unicode_ci NOT NULL,
  `exception` longtext COLLATE utf8mb4_unicode_ci NOT NULL,
  `failed_at` timestamp NOT NULL DEFAULT CURRENT_TIMESTAMP
) ENGINE=InnoDB DEFAULT CHARSET=utf8mb4 COLLATE=utf8mb4_unicode_ci;

-- --------------------------------------------------------

--
-- Estructura de tabla para la tabla `forma_pagos`
--

CREATE TABLE `forma_pagos` (
  `id` int(10) UNSIGNED NOT NULL,
  `nombre_fp` varchar(100) COLLATE utf8mb4_unicode_ci DEFAULT NULL,
  `created_at` timestamp NULL DEFAULT NULL,
  `updated_at` timestamp NULL DEFAULT NULL
) ENGINE=InnoDB DEFAULT CHARSET=utf8mb4 COLLATE=utf8mb4_unicode_ci;

--
-- Volcado de datos para la tabla `forma_pagos`
--

INSERT INTO `forma_pagos` (`id`, `nombre_fp`, `created_at`, `updated_at`) VALUES
(1, 'Credito', '2024-01-12 23:15:40', '2024-01-12 23:39:17'),
(2, 'Contado', '2024-01-14 01:04:46', '2024-01-14 01:04:46');

-- --------------------------------------------------------

--
-- Estructura de tabla para la tabla `libro_bancos`
--

CREATE TABLE `libro_bancos` (
  `id` int(10) UNSIGNED NOT NULL,
  `fecha_ingreso` date DEFAULT NULL,
  `tipo_operacion` enum('Honorarios','Gastos','Ingresos') COLLATE utf8mb4_unicode_ci DEFAULT NULL,
  `fecha_periodo` date DEFAULT NULL,
  `descripcion` varchar(255) COLLATE utf8mb4_unicode_ci DEFAULT NULL,
  `factura` varchar(255) COLLATE utf8mb4_unicode_ci DEFAULT NULL,
  `debe` int(11) DEFAULT '0',
  `haber` int(11) DEFAULT '0',
  `saldo` int(11) DEFAULT '0',
  `created_at` timestamp NULL DEFAULT NULL,
  `updated_at` timestamp NULL DEFAULT NULL
) ENGINE=InnoDB DEFAULT CHARSET=utf8mb4 COLLATE=utf8mb4_unicode_ci;

--
-- Volcado de datos para la tabla `libro_bancos`
--

INSERT INTO `libro_bancos` (`id`, `fecha_ingreso`, `tipo_operacion`, `fecha_periodo`, `descripcion`, `factura`, `debe`, `haber`, `saldo`, `created_at`, `updated_at`) VALUES
(1, '2023-12-16', 'Honorarios', '2023-12-16', 'Test', '5', 4, 0, 4, '2023-12-16 23:57:01', '2023-12-16 23:57:01'),
(2, '2023-12-16', 'Honorarios', '2023-12-15', 'Test', '6', 5, 0, 9, '2023-12-16 23:59:54', '2023-12-16 23:59:54'),
(3, '2023-12-16', 'Honorarios', '2023-12-16', 'Test', '45', 3, 0, 12, '2023-12-17 00:04:10', '2023-12-17 00:04:10'),
(4, '2023-12-16', 'Honorarios', '2023-12-16', 'Test', '455', 3, 0, 15, '2023-12-17 00:08:12', '2023-12-17 00:08:12'),
(5, '2023-12-16', 'Gastos', '2023-12-16', 'Test', '4', 0, 5, 10, '2023-12-17 00:08:44', '2023-12-17 00:08:44'),
(6, '2023-12-31', 'Ingresos', '2023-12-29', 'Clavos', '0', 35000, 0, 35010, '2023-12-17 00:59:49', '2023-12-17 00:59:49'),
(7, '2024-01-06', 'Honorarios', '2023-12-15', 'Clavos', '0', 50000, 0, 85010, '2023-12-17 01:00:42', '2023-12-17 01:00:42'),
(8, '2024-01-06', 'Gastos', '2023-12-19', 'Otro', '0', 0, 10000, 75010, '2023-12-17 01:10:41', '2023-12-17 01:10:41'),
(9, '2023-12-23', 'Gastos', '2023-12-22', 'test3', '0', 0, 500, 74510, '2023-12-17 01:12:33', '2023-12-17 01:12:33'),
(10, '2023-08-30', 'Ingresos', '2024-01-04', 'prueba', '0', 500, 0, 75010, '2023-12-17 01:16:16', '2023-12-17 01:16:16'),
(11, '2023-12-21', 'Gastos', '2023-12-21', 'Test 2', '0', 0, 500, 74510, '2023-12-17 01:17:27', '2023-12-17 01:17:27'),
(12, '2023-12-21', 'Honorarios', '2023-12-23', 'Otro', '0', 56000, 0, 130510, '2023-12-17 01:18:46', '2023-12-17 01:18:46'),
(13, '2023-12-29', 'Gastos', '2023-12-21', 'Clavos', '0', 0, 7, 130503, '2023-12-17 01:19:37', '2023-12-17 01:19:37'),
(14, '2023-12-17', 'Gastos', '2023-12-16', 'load 1', '0', 0, 20, 130483, '2023-12-17 01:30:18', '2023-12-17 01:30:18'),
(15, '2023-12-29', 'Ingresos', '2023-12-15', 'Load 2', '0', 3, 0, 130486, '2023-12-17 01:31:02', '2023-12-17 01:31:02'),
(16, '2023-12-23', 'Ingresos', '2023-12-28', 'load 3', '0', 4, 0, 130490, '2023-12-17 01:31:54', '2023-12-17 01:31:54'),
(17, '2023-12-12', 'Honorarios', '2023-12-22', 'load 4', '0', 40, 0, 130530, '2023-12-17 01:32:43', '2023-12-17 01:32:43');

-- --------------------------------------------------------

--
-- Estructura de tabla para la tabla `migrations`
--

CREATE TABLE `migrations` (
  `id` int(10) UNSIGNED NOT NULL,
  `migration` varchar(255) COLLATE utf8mb4_unicode_ci NOT NULL,
  `batch` int(11) NOT NULL
) ENGINE=InnoDB DEFAULT CHARSET=utf8mb4 COLLATE=utf8mb4_unicode_ci;

--
-- Volcado de datos para la tabla `migrations`
--

INSERT INTO `migrations` (`id`, `migration`, `batch`) VALUES
(1, '2014_10_12_000000_create_users_table', 1),
(2, '2014_10_12_100000_create_password_resets_table', 1),
(3, '2019_08_19_000000_create_failed_jobs_table', 1),
(4, '2019_12_14_000001_create_personal_access_tokens_table', 1),
(5, '2023_04_23_141107_create_regions_table', 1),
(6, '2023_04_23_141124_create_comunas_table', 1),
(7, '2023_05_02_213058_create_permission_tables', 1),
(8, '2023_08_06_220611_create_clientes_table', 1),
(9, '2023_08_06_221553_create_config_apis_table', 1),
(10, '2023_08_06_221841_create_opciones_clientes_table', 1),
(11, '2023_08_06_223333_create_libro_bancos_table', 1),
(12, '2023_08_06_223949_create_tabla_controls_table', 1),
(13, '2024_01_12_195020_create_forma_pagos_table', 2),
(14, '2024_01_12_204519_create_empresas_table', 3),
(15, '2024_01_13_110757_create_facturas_table', 4),
(16, '2024_01_13_132802_create_factura_productos_table', 4),
(17, '2024_01_13_133427_create_factura_referencias_table', 4),
(18, '2024_01_19_135055_create_cobranzas_table', 5),
(21, '2024_01_25_212537_create_periodos_table', 6),
(23, '2024_02_04_085546_create_cliente_periodos_table', 7);

-- --------------------------------------------------------

--
-- Estructura de tabla para la tabla `model_has_permissions`
--

CREATE TABLE `model_has_permissions` (
  `permission_id` bigint(20) UNSIGNED NOT NULL,
  `model_type` varchar(255) COLLATE utf8mb4_unicode_ci NOT NULL,
  `model_id` bigint(20) UNSIGNED NOT NULL
) ENGINE=InnoDB DEFAULT CHARSET=utf8mb4 COLLATE=utf8mb4_unicode_ci;

-- --------------------------------------------------------

--
-- Estructura de tabla para la tabla `model_has_roles`
--

CREATE TABLE `model_has_roles` (
  `role_id` bigint(20) UNSIGNED NOT NULL,
  `model_type` varchar(255) COLLATE utf8mb4_unicode_ci NOT NULL,
  `model_id` bigint(20) UNSIGNED NOT NULL
) ENGINE=InnoDB DEFAULT CHARSET=utf8mb4 COLLATE=utf8mb4_unicode_ci;

-- --------------------------------------------------------

--
-- Estructura de tabla para la tabla `opciones_clientes`
--

CREATE TABLE `opciones_clientes` (
  `id` int(10) UNSIGNED NOT NULL,
  `notificar` enum('Si','No') COLLATE utf8mb4_unicode_ci DEFAULT 'Si',
  `emails` varchar(255) COLLATE utf8mb4_unicode_ci DEFAULT NULL,
  `exento_iva` enum('Si','No') COLLATE utf8mb4_unicode_ci DEFAULT 'Si',
  `importaciones` enum('Si','No') COLLATE utf8mb4_unicode_ci DEFAULT 'Si',
  `remuneraciones` enum('Si','No') COLLATE utf8mb4_unicode_ci DEFAULT 'Si',
  `contabilidad` enum('Si','No') COLLATE utf8mb4_unicode_ci DEFAULT 'Si',
  `facturacion` enum('Si','No') COLLATE utf8mb4_unicode_ci DEFAULT 'Si',
  `cliente_id` int(10) UNSIGNED NOT NULL,
  `created_at` timestamp NULL DEFAULT NULL,
  `updated_at` timestamp NULL DEFAULT NULL
) ENGINE=InnoDB DEFAULT CHARSET=utf8mb4 COLLATE=utf8mb4_unicode_ci;

--
-- Volcado de datos para la tabla `opciones_clientes`
--

INSERT INTO `opciones_clientes` (`id`, `notificar`, `emails`, `exento_iva`, `importaciones`, `remuneraciones`, `contabilidad`, `facturacion`, `cliente_id`, `created_at`, `updated_at`) VALUES
(1, 'No', 'jesus.serviciosprofesionales.cl@gmail.com', 'Si', 'Si', 'No', 'Si', 'Si', 7, '2023-12-17 21:12:04', '2023-12-17 21:12:04');

-- --------------------------------------------------------

--
-- Estructura de tabla para la tabla `password_resets`
--

CREATE TABLE `password_resets` (
  `email` varchar(255) COLLATE utf8mb4_unicode_ci NOT NULL,
  `token` varchar(255) COLLATE utf8mb4_unicode_ci NOT NULL,
  `created_at` timestamp NULL DEFAULT NULL
) ENGINE=InnoDB DEFAULT CHARSET=utf8mb4 COLLATE=utf8mb4_unicode_ci;

-- --------------------------------------------------------

--
-- Estructura de tabla para la tabla `periodos`
--

CREATE TABLE `periodos` (
  `id` int(10) UNSIGNED NOT NULL,
  `periodo` char(7) COLLATE utf8mb4_unicode_ci NOT NULL,
  `periodo_cerrado` enum('Si','No') COLLATE utf8mb4_unicode_ci NOT NULL DEFAULT 'No',
  `created_at` timestamp NULL DEFAULT NULL,
  `updated_at` timestamp NULL DEFAULT NULL
) ENGINE=InnoDB DEFAULT CHARSET=utf8mb4 COLLATE=utf8mb4_unicode_ci;

--
-- Volcado de datos para la tabla `periodos`
--

INSERT INTO `periodos` (`id`, `periodo`, `periodo_cerrado`, `created_at`, `updated_at`) VALUES
(1, '2024-02', 'No', '2024-02-04 12:27:50', '2024-02-04 12:27:50'),
(2, '2024-03', 'No', '2024-02-04 12:32:47', '2024-02-04 12:32:47'),
(3, '2024-04', 'No', '2024-02-04 19:42:24', '2024-02-04 19:42:24'),
(4, '2024-05', 'No', '2024-02-04 20:20:43', '2024-02-04 20:20:43'),
(5, '2024-11', 'No', '2024-02-04 20:23:57', '2024-02-04 20:23:57'),
(6, '2024-06', 'No', '2024-02-04 20:24:04', '2024-02-04 20:24:04'),
(7, '2024-10', 'No', '2024-02-05 22:48:40', '2024-02-05 22:48:40');

-- --------------------------------------------------------

--
-- Estructura de tabla para la tabla `permissions`
--

CREATE TABLE `permissions` (
  `id` bigint(20) UNSIGNED NOT NULL,
  `name` varchar(255) COLLATE utf8mb4_unicode_ci NOT NULL,
  `guard_name` varchar(255) COLLATE utf8mb4_unicode_ci NOT NULL,
  `created_at` timestamp NULL DEFAULT NULL,
  `updated_at` timestamp NULL DEFAULT NULL
) ENGINE=InnoDB DEFAULT CHARSET=utf8mb4 COLLATE=utf8mb4_unicode_ci;

-- --------------------------------------------------------

--
-- Estructura de tabla para la tabla `personal_access_tokens`
--

CREATE TABLE `personal_access_tokens` (
  `id` bigint(20) UNSIGNED NOT NULL,
  `tokenable_type` varchar(255) COLLATE utf8mb4_unicode_ci NOT NULL,
  `tokenable_id` bigint(20) UNSIGNED NOT NULL,
  `name` varchar(255) COLLATE utf8mb4_unicode_ci NOT NULL,
  `token` varchar(64) COLLATE utf8mb4_unicode_ci NOT NULL,
  `abilities` text COLLATE utf8mb4_unicode_ci,
  `last_used_at` timestamp NULL DEFAULT NULL,
  `expires_at` timestamp NULL DEFAULT NULL,
  `created_at` timestamp NULL DEFAULT NULL,
  `updated_at` timestamp NULL DEFAULT NULL
) ENGINE=InnoDB DEFAULT CHARSET=utf8mb4 COLLATE=utf8mb4_unicode_ci;

-- --------------------------------------------------------

--
-- Estructura de tabla para la tabla `regions`
--

CREATE TABLE `regions` (
  `id` int(10) UNSIGNED NOT NULL,
  `name` varchar(128) COLLATE utf8mb4_unicode_ci NOT NULL,
  `ordinal` varchar(4) COLLATE utf8mb4_unicode_ci NOT NULL,
  `created_at` timestamp NULL DEFAULT NULL,
  `updated_at` timestamp NULL DEFAULT NULL
) ENGINE=InnoDB DEFAULT CHARSET=utf8mb4 COLLATE=utf8mb4_unicode_ci;

--
-- Volcado de datos para la tabla `regions`
--

INSERT INTO `regions` (`id`, `name`, `ordinal`, `created_at`, `updated_at`) VALUES
(1, 'Arica y Parinacota', 'XV', '2023-12-16 23:36:31', '2023-12-16 23:36:31'),
(2, 'Tarapacá', 'I', '2023-12-16 23:36:31', '2023-12-16 23:36:31'),
(3, 'Antofagasta', 'II', '2023-12-16 23:36:31', '2023-12-16 23:36:31'),
(4, 'Atacama', 'III', '2023-12-16 23:36:31', '2023-12-16 23:36:31'),
(5, 'Coquimbo', 'IV', '2023-12-16 23:36:31', '2023-12-16 23:36:31'),
(6, 'Valparaiso', 'V', '2023-12-16 23:36:31', '2023-12-16 23:36:31'),
(7, 'Metropolitana de Santiago', 'RM', '2023-12-16 23:36:31', '2023-12-16 23:36:31'),
(8, 'Libertador General Bernardo O\'Higgins', 'VI', '2023-12-16 23:36:31', '2023-12-16 23:36:31'),
(9, 'Maule', 'VII', '2023-12-16 23:36:31', '2023-12-16 23:36:31'),
(10, 'Biobío', 'VIII', '2023-12-16 23:36:31', '2023-12-16 23:36:31'),
(11, 'La Araucanía', 'IX', '2023-12-16 23:36:31', '2023-12-16 23:36:31'),
(12, 'Los Ríos', 'XIV', '2023-12-16 23:36:31', '2023-12-16 23:36:31'),
(13, 'Los Lagos', 'X', '2023-12-16 23:36:31', '2023-12-16 23:36:31'),
(14, 'Aisén del General Carlos Ibáñez del Campo', 'XI', '2023-12-16 23:36:31', '2023-12-16 23:36:31'),
(15, 'Magallanes y de la Antártica Chilena', 'XII', '2023-12-16 23:36:31', '2023-12-16 23:36:31');

-- --------------------------------------------------------

--
-- Estructura de tabla para la tabla `roles`
--

CREATE TABLE `roles` (
  `id` bigint(20) UNSIGNED NOT NULL,
  `name` varchar(255) COLLATE utf8mb4_unicode_ci NOT NULL,
  `guard_name` varchar(255) COLLATE utf8mb4_unicode_ci NOT NULL,
  `created_at` timestamp NULL DEFAULT NULL,
  `updated_at` timestamp NULL DEFAULT NULL
) ENGINE=InnoDB DEFAULT CHARSET=utf8mb4 COLLATE=utf8mb4_unicode_ci;

-- --------------------------------------------------------

--
-- Estructura de tabla para la tabla `role_has_permissions`
--

CREATE TABLE `role_has_permissions` (
  `permission_id` bigint(20) UNSIGNED NOT NULL,
  `role_id` bigint(20) UNSIGNED NOT NULL
) ENGINE=InnoDB DEFAULT CHARSET=utf8mb4 COLLATE=utf8mb4_unicode_ci;

-- --------------------------------------------------------

--
-- Estructura de tabla para la tabla `tabla_controls`
--

CREATE TABLE `tabla_controls` (
  `id` int(10) UNSIGNED NOT NULL,
  `status` enum('Vigente','Vencido','Pagado','Abonado') COLLATE utf8mb4_unicode_ci DEFAULT 'Vigente',
  `concepto_facturado` varchar(255) COLLATE utf8mb4_unicode_ci DEFAULT NULL,
  `monto` int(11) DEFAULT '0',
  `monto_iva` int(11) DEFAULT '0',
  `fecha_emision` date DEFAULT NULL,
  `fecha_vencimiento` date DEFAULT NULL,
  `cliente_id` int(10) UNSIGNED NOT NULL,
  `created_at` timestamp NULL DEFAULT NULL,
  `updated_at` timestamp NULL DEFAULT NULL
) ENGINE=InnoDB DEFAULT CHARSET=utf8mb4 COLLATE=utf8mb4_unicode_ci;

-- --------------------------------------------------------

--
-- Estructura de tabla para la tabla `users`
--

CREATE TABLE `users` (
  `id` bigint(20) UNSIGNED NOT NULL,
  `name` varchar(255) COLLATE utf8mb4_unicode_ci NOT NULL,
  `email` varchar(255) COLLATE utf8mb4_unicode_ci NOT NULL,
  `email_verified_at` timestamp NULL DEFAULT NULL,
  `password` varchar(255) COLLATE utf8mb4_unicode_ci NOT NULL,
  `remember_token` varchar(100) COLLATE utf8mb4_unicode_ci DEFAULT NULL,
  `created_at` timestamp NULL DEFAULT NULL,
  `updated_at` timestamp NULL DEFAULT NULL
) ENGINE=InnoDB DEFAULT CHARSET=utf8mb4 COLLATE=utf8mb4_unicode_ci;

--
-- Volcado de datos para la tabla `users`
--

INSERT INTO `users` (`id`, `name`, `email`, `email_verified_at`, `password`, `remember_token`, `created_at`, `updated_at`) VALUES
(1, 'Administrador', 'admin@sistema.com', NULL, '$2y$10$gdMkZMPwLKktflSPTg2fzOMiHijFhhZzxr7x4viFNs6GTSzppoxwa', NULL, NULL, NULL);

--
-- Índices para tablas volcadas
--

--
-- Indices de la tabla `clientes`
--
ALTER TABLE `clientes`
  ADD PRIMARY KEY (`id`),
  ADD UNIQUE KEY `clientes_rut_empresa_unique` (`rut_empresa`),
  ADD KEY `clientes_region_id_foreign` (`region_id`),
  ADD KEY `clientes_comuna_id_foreign` (`comuna_id`);

--
-- Indices de la tabla `cliente_periodos`
--
ALTER TABLE `cliente_periodos`
  ADD PRIMARY KEY (`id`),
  ADD KEY `cliente_periodos_cliente_id_foreign` (`cliente_id`),
  ADD KEY `cliente_periodos_periodo_id_foreign` (`periodo_id`);

--
-- Indices de la tabla `cobranzas`
--
ALTER TABLE `cobranzas`
  ADD PRIMARY KEY (`id`),
  ADD KEY `cobranzas_cliente_id_foreign` (`cliente_id`),
  ADD KEY `cobranzas_forma_pago_id_foreign` (`forma_pago_id`);

--
-- Indices de la tabla `comunas`
--
ALTER TABLE `comunas`
  ADD PRIMARY KEY (`id`),
  ADD KEY `comunas_region_id_foreign` (`region_id`);

--
-- Indices de la tabla `config_apis`
--
ALTER TABLE `config_apis`
  ADD PRIMARY KEY (`id`);

--
-- Indices de la tabla `empresas`
--
ALTER TABLE `empresas`
  ADD PRIMARY KEY (`id`),
  ADD KEY `empresas_region_id_foreign` (`region_id`),
  ADD KEY `empresas_comuna_id_foreign` (`comuna_id`);

--
-- Indices de la tabla `facturas`
--
ALTER TABLE `facturas`
  ADD PRIMARY KEY (`id`),
  ADD KEY `facturas_empresa_id_foreign` (`empresa_id`),
  ADD KEY `facturas_cliente_id_foreign` (`cliente_id`),
  ADD KEY `facturas_forma_pago_id_foreign` (`forma_pago_id`);

--
-- Indices de la tabla `factura_productos`
--
ALTER TABLE `factura_productos`
  ADD PRIMARY KEY (`id`),
  ADD KEY `factura_productos_factura_id_foreign` (`factura_id`);

--
-- Indices de la tabla `factura_referencias`
--
ALTER TABLE `factura_referencias`
  ADD PRIMARY KEY (`id`),
  ADD KEY `factura_referencias_factura_id_foreign` (`factura_id`);

--
-- Indices de la tabla `failed_jobs`
--
ALTER TABLE `failed_jobs`
  ADD PRIMARY KEY (`id`);

--
-- Indices de la tabla `forma_pagos`
--
ALTER TABLE `forma_pagos`
  ADD PRIMARY KEY (`id`);

--
-- Indices de la tabla `libro_bancos`
--
ALTER TABLE `libro_bancos`
  ADD PRIMARY KEY (`id`);

--
-- Indices de la tabla `migrations`
--
ALTER TABLE `migrations`
  ADD PRIMARY KEY (`id`);

--
-- Indices de la tabla `model_has_permissions`
--
ALTER TABLE `model_has_permissions`
  ADD PRIMARY KEY (`permission_id`,`model_id`,`model_type`),
  ADD KEY `model_has_permissions_model_id_model_type_index` (`model_id`,`model_type`);

--
-- Indices de la tabla `model_has_roles`
--
ALTER TABLE `model_has_roles`
  ADD PRIMARY KEY (`role_id`,`model_id`,`model_type`),
  ADD KEY `model_has_roles_model_id_model_type_index` (`model_id`,`model_type`);

--
-- Indices de la tabla `opciones_clientes`
--
ALTER TABLE `opciones_clientes`
  ADD PRIMARY KEY (`id`),
  ADD KEY `opciones_clientes_cliente_id_foreign` (`cliente_id`);

--
-- Indices de la tabla `password_resets`
--
ALTER TABLE `password_resets`
  ADD KEY `password_resets_email_index` (`email`);

--
-- Indices de la tabla `periodos`
--
ALTER TABLE `periodos`
  ADD PRIMARY KEY (`id`);

--
-- Indices de la tabla `permissions`
--
ALTER TABLE `permissions`
  ADD PRIMARY KEY (`id`),
  ADD UNIQUE KEY `permissions_name_guard_name_unique` (`name`,`guard_name`);

--
-- Indices de la tabla `personal_access_tokens`
--
ALTER TABLE `personal_access_tokens`
  ADD PRIMARY KEY (`id`),
  ADD UNIQUE KEY `personal_access_tokens_token_unique` (`token`),
  ADD KEY `personal_access_tokens_tokenable_type_tokenable_id_index` (`tokenable_type`,`tokenable_id`);

--
-- Indices de la tabla `regions`
--
ALTER TABLE `regions`
  ADD PRIMARY KEY (`id`);

--
-- Indices de la tabla `roles`
--
ALTER TABLE `roles`
  ADD PRIMARY KEY (`id`),
  ADD UNIQUE KEY `roles_name_guard_name_unique` (`name`,`guard_name`);

--
-- Indices de la tabla `role_has_permissions`
--
ALTER TABLE `role_has_permissions`
  ADD PRIMARY KEY (`permission_id`,`role_id`),
  ADD KEY `role_has_permissions_role_id_foreign` (`role_id`);

--
-- Indices de la tabla `tabla_controls`
--
ALTER TABLE `tabla_controls`
  ADD PRIMARY KEY (`id`),
  ADD KEY `tabla_controls_cliente_id_foreign` (`cliente_id`);

--
-- Indices de la tabla `users`
--
ALTER TABLE `users`
  ADD PRIMARY KEY (`id`),
  ADD UNIQUE KEY `users_email_unique` (`email`);

--
-- AUTO_INCREMENT de las tablas volcadas
--

--
-- AUTO_INCREMENT de la tabla `clientes`
--
ALTER TABLE `clientes`
  MODIFY `id` int(10) UNSIGNED NOT NULL AUTO_INCREMENT, AUTO_INCREMENT=8;

--
-- AUTO_INCREMENT de la tabla `cliente_periodos`
--
ALTER TABLE `cliente_periodos`
  MODIFY `id` int(10) UNSIGNED NOT NULL AUTO_INCREMENT, AUTO_INCREMENT=50;

--
-- AUTO_INCREMENT de la tabla `cobranzas`
--
ALTER TABLE `cobranzas`
  MODIFY `id` int(10) UNSIGNED NOT NULL AUTO_INCREMENT, AUTO_INCREMENT=42;

--
-- AUTO_INCREMENT de la tabla `comunas`
--
ALTER TABLE `comunas`
  MODIFY `id` int(10) UNSIGNED NOT NULL AUTO_INCREMENT, AUTO_INCREMENT=347;

--
-- AUTO_INCREMENT de la tabla `config_apis`
--
ALTER TABLE `config_apis`
  MODIFY `id` int(10) UNSIGNED NOT NULL AUTO_INCREMENT;

--
-- AUTO_INCREMENT de la tabla `empresas`
--
ALTER TABLE `empresas`
  MODIFY `id` int(10) UNSIGNED NOT NULL AUTO_INCREMENT, AUTO_INCREMENT=2;

--
-- AUTO_INCREMENT de la tabla `facturas`
--
ALTER TABLE `facturas`
  MODIFY `id` int(10) UNSIGNED NOT NULL AUTO_INCREMENT;

--
-- AUTO_INCREMENT de la tabla `factura_productos`
--
ALTER TABLE `factura_productos`
  MODIFY `id` int(10) UNSIGNED NOT NULL AUTO_INCREMENT;

--
-- AUTO_INCREMENT de la tabla `factura_referencias`
--
ALTER TABLE `factura_referencias`
  MODIFY `id` int(10) UNSIGNED NOT NULL AUTO_INCREMENT;

--
-- AUTO_INCREMENT de la tabla `failed_jobs`
--
ALTER TABLE `failed_jobs`
  MODIFY `id` bigint(20) UNSIGNED NOT NULL AUTO_INCREMENT;

--
-- AUTO_INCREMENT de la tabla `forma_pagos`
--
ALTER TABLE `forma_pagos`
  MODIFY `id` int(10) UNSIGNED NOT NULL AUTO_INCREMENT, AUTO_INCREMENT=3;

--
-- AUTO_INCREMENT de la tabla `libro_bancos`
--
ALTER TABLE `libro_bancos`
  MODIFY `id` int(10) UNSIGNED NOT NULL AUTO_INCREMENT, AUTO_INCREMENT=18;

--
-- AUTO_INCREMENT de la tabla `migrations`
--
ALTER TABLE `migrations`
  MODIFY `id` int(10) UNSIGNED NOT NULL AUTO_INCREMENT, AUTO_INCREMENT=24;

--
-- AUTO_INCREMENT de la tabla `opciones_clientes`
--
ALTER TABLE `opciones_clientes`
  MODIFY `id` int(10) UNSIGNED NOT NULL AUTO_INCREMENT, AUTO_INCREMENT=2;

--
-- AUTO_INCREMENT de la tabla `periodos`
--
ALTER TABLE `periodos`
  MODIFY `id` int(10) UNSIGNED NOT NULL AUTO_INCREMENT, AUTO_INCREMENT=8;

--
-- AUTO_INCREMENT de la tabla `permissions`
--
ALTER TABLE `permissions`
  MODIFY `id` bigint(20) UNSIGNED NOT NULL AUTO_INCREMENT;

--
-- AUTO_INCREMENT de la tabla `personal_access_tokens`
--
ALTER TABLE `personal_access_tokens`
  MODIFY `id` bigint(20) UNSIGNED NOT NULL AUTO_INCREMENT;

--
-- AUTO_INCREMENT de la tabla `regions`
--
ALTER TABLE `regions`
  MODIFY `id` int(10) UNSIGNED NOT NULL AUTO_INCREMENT, AUTO_INCREMENT=16;

--
-- AUTO_INCREMENT de la tabla `roles`
--
ALTER TABLE `roles`
  MODIFY `id` bigint(20) UNSIGNED NOT NULL AUTO_INCREMENT;

--
-- AUTO_INCREMENT de la tabla `tabla_controls`
--
ALTER TABLE `tabla_controls`
  MODIFY `id` int(10) UNSIGNED NOT NULL AUTO_INCREMENT;

--
-- AUTO_INCREMENT de la tabla `users`
--
ALTER TABLE `users`
  MODIFY `id` bigint(20) UNSIGNED NOT NULL AUTO_INCREMENT, AUTO_INCREMENT=2;

--
-- Restricciones para tablas volcadas
--

--
-- Filtros para la tabla `clientes`
--
ALTER TABLE `clientes`
  ADD CONSTRAINT `clientes_comuna_id_foreign` FOREIGN KEY (`comuna_id`) REFERENCES `comunas` (`id`),
  ADD CONSTRAINT `clientes_region_id_foreign` FOREIGN KEY (`region_id`) REFERENCES `regions` (`id`);

--
-- Filtros para la tabla `cliente_periodos`
--
ALTER TABLE `cliente_periodos`
  ADD CONSTRAINT `cliente_periodos_cliente_id_foreign` FOREIGN KEY (`cliente_id`) REFERENCES `clientes` (`id`),
  ADD CONSTRAINT `cliente_periodos_periodo_id_foreign` FOREIGN KEY (`periodo_id`) REFERENCES `periodos` (`id`);

--
-- Filtros para la tabla `cobranzas`
--
ALTER TABLE `cobranzas`
  ADD CONSTRAINT `cobranzas_cliente_id_foreign` FOREIGN KEY (`cliente_id`) REFERENCES `clientes` (`id`),
  ADD CONSTRAINT `cobranzas_forma_pago_id_foreign` FOREIGN KEY (`forma_pago_id`) REFERENCES `forma_pagos` (`id`);

--
-- Filtros para la tabla `comunas`
--
ALTER TABLE `comunas`
  ADD CONSTRAINT `comunas_region_id_foreign` FOREIGN KEY (`region_id`) REFERENCES `regions` (`id`);

--
-- Filtros para la tabla `empresas`
--
ALTER TABLE `empresas`
  ADD CONSTRAINT `empresas_comuna_id_foreign` FOREIGN KEY (`comuna_id`) REFERENCES `comunas` (`id`),
  ADD CONSTRAINT `empresas_region_id_foreign` FOREIGN KEY (`region_id`) REFERENCES `regions` (`id`);

--
-- Filtros para la tabla `facturas`
--
ALTER TABLE `facturas`
  ADD CONSTRAINT `facturas_cliente_id_foreign` FOREIGN KEY (`cliente_id`) REFERENCES `clientes` (`id`),
  ADD CONSTRAINT `facturas_empresa_id_foreign` FOREIGN KEY (`empresa_id`) REFERENCES `empresas` (`id`),
  ADD CONSTRAINT `facturas_forma_pago_id_foreign` FOREIGN KEY (`forma_pago_id`) REFERENCES `forma_pagos` (`id`);

--
-- Filtros para la tabla `factura_productos`
--
ALTER TABLE `factura_productos`
  ADD CONSTRAINT `factura_productos_factura_id_foreign` FOREIGN KEY (`factura_id`) REFERENCES `facturas` (`id`);

--
-- Filtros para la tabla `factura_referencias`
--
ALTER TABLE `factura_referencias`
  ADD CONSTRAINT `factura_referencias_factura_id_foreign` FOREIGN KEY (`factura_id`) REFERENCES `facturas` (`id`);

--
-- Filtros para la tabla `model_has_permissions`
--
ALTER TABLE `model_has_permissions`
  ADD CONSTRAINT `model_has_permissions_permission_id_foreign` FOREIGN KEY (`permission_id`) REFERENCES `permissions` (`id`) ON DELETE CASCADE;

--
-- Filtros para la tabla `model_has_roles`
--
ALTER TABLE `model_has_roles`
  ADD CONSTRAINT `model_has_roles_role_id_foreign` FOREIGN KEY (`role_id`) REFERENCES `roles` (`id`) ON DELETE CASCADE;

--
-- Filtros para la tabla `opciones_clientes`
--
ALTER TABLE `opciones_clientes`
  ADD CONSTRAINT `opciones_clientes_cliente_id_foreign` FOREIGN KEY (`cliente_id`) REFERENCES `clientes` (`id`) ON DELETE CASCADE;

--
-- Filtros para la tabla `role_has_permissions`
--
ALTER TABLE `role_has_permissions`
  ADD CONSTRAINT `role_has_permissions_permission_id_foreign` FOREIGN KEY (`permission_id`) REFERENCES `permissions` (`id`) ON DELETE CASCADE,
  ADD CONSTRAINT `role_has_permissions_role_id_foreign` FOREIGN KEY (`role_id`) REFERENCES `roles` (`id`) ON DELETE CASCADE;

--
-- Filtros para la tabla `tabla_controls`
--
ALTER TABLE `tabla_controls`
  ADD CONSTRAINT `tabla_controls_cliente_id_foreign` FOREIGN KEY (`cliente_id`) REFERENCES `clientes` (`id`);
COMMIT;

/*!40101 SET CHARACTER_SET_CLIENT=@OLD_CHARACTER_SET_CLIENT */;
/*!40101 SET CHARACTER_SET_RESULTS=@OLD_CHARACTER_SET_RESULTS */;
/*!40101 SET COLLATION_CONNECTION=@OLD_COLLATION_CONNECTION */;
